timestamp,machine_id,sensor_reading,anomaly_flag
1/1/2025 0:00,Hydraulic_Press,50.49671415,0
1/1/2025 0:01,CNC_Lathe,49.8617357,0
1/1/2025 0:02,CNC_Lathe,50.64768854,0
1/1/2025 0:03,Hydraulic_Press,51.52302986,0
1/1/2025 0:04,CNC_Lathe,49.76584663,0
1/1/2025 0:05,Hydraulic_Press,49.76586304,0
1/1/2025 0:06,CNC_Lathe,51.57921282,0
1/1/2025 0:07,Injection_Molder,50.76743473,0
1/1/2025 0:08,Injection_Molder,49.53052561,0
1/1/2025 0:09,Hydraulic_Press,50.54256004,0
1/1/2025 0:10,CNC_Lathe,49.53658231,0
1/1/2025 0:11,CNC_Lathe,49.53427025,0
1/1/2025 0:12,Injection_Molder,50.24196227,0
1/1/2025 0:13,Injection_Molder,48.08671976,0
1/1/2025 0:14,CNC_Lathe,48.27508217,0
1/1/2025 0:15,CNC_Lathe,49.43771247,0
1/1/2025 0:16,CNC_Lathe,48.98716888,0
1/1/2025 0:17,CNC_Lathe,50.31424733,0
1/1/2025 0:18,CNC_Lathe,49.09197592,0
1/1/2025 0:19,CNC_Lathe,48.5876963,0
1/1/2025 0:20,Hydraulic_Press,51.46564877,0
1/1/2025 0:21,CNC_Lathe,49.7742237,0
1/1/2025 0:22,Injection_Molder,50.0675282,0
1/1/2025 0:23,Hydraulic_Press,48.57525181,0
1/1/2025 0:24,CNC_Lathe,49.45561728,0
1/1/2025 0:25,Injection_Molder,50.11092259,0
1/1/2025 0:26,Hydraulic_Press,48.84900642,0
1/1/2025 0:27,Injection_Molder,50.37569802,0
1/1/2025 0:28,CNC_Lathe,49.39936131,0
1/1/2025 0:29,CNC_Lathe,49.70830625,0
1/1/2025 0:30,CNC_Lathe,49.39829339,0
1/1/2025 0:31,CNC_Lathe,51.85227818,0
1/1/2025 0:32,Hydraulic_Press,49.98650278,0
1/1/2025 0:33,Hydraulic_Press,48.94228907,0
1/1/2025 0:34,Injection_Molder,50.82254491,0
1/1/2025 0:35,CNC_Lathe,48.77915635,0
1/1/2025 0:36,Injection_Molder,50.2088636,0
1/1/2025 0:37,Hydraulic_Press,48.04032988,0
1/1/2025 0:38,CNC_Lathe,48.67181395,0
1/1/2025 0:39,CNC_Lathe,50.19686124,0
1/1/2025 0:40,Hydraulic_Press,53.61224851,1
1/1/2025 0:41,Hydraulic_Press,50.17136828,0
1/1/2025 0:42,Hydraulic_Press,49.88435172,0
1/1/2025 0:43,Hydraulic_Press,49.6988963,0
1/1/2025 0:44,Hydraulic_Press,48.52147801,0
1/1/2025 0:45,CNC_Lathe,49.28015579,0
1/1/2025 0:46,Hydraulic_Press,49.53936123,0
1/1/2025 0:47,CNC_Lathe,51.05712223,0
1/1/2025 0:48,CNC_Lathe,50.34361829,0
1/1/2025 0:49,Hydraulic_Press,48.23695984,0
1/1/2025 0:50,Hydraulic_Press,50.32408397,0
1/1/2025 0:51,CNC_Lathe,49.61491772,0
1/1/2025 0:52,Hydraulic_Press,49.323078,0
1/1/2025 0:53,Hydraulic_Press,50.61167629,0
1/1/2025 0:54,Hydraulic_Press,51.03099952,0
1/1/2025 0:55,Injection_Molder,50.93128012,0
1/1/2025 0:56,CNC_Lathe,49.16078248,0
1/1/2025 0:57,Injection_Molder,49.69078762,0
1/1/2025 0:58,Hydraulic_Press,50.33126343,0
1/1/2025 0:59,Injection_Molder,50.97554513,0
1/1/2025 1:00,Hydraulic_Press,49.52082576,0
1/1/2025 1:01,Injection_Molder,49.81434102,0
1/1/2025 1:02,Hydraulic_Press,48.89366503,0
1/1/2025 1:03,Injection_Molder,48.80379338,0
1/1/2025 1:04,Injection_Molder,50.81252582,0
1/1/2025 1:05,Injection_Molder,51.35624003,0
1/1/2025 1:06,CNC_Lathe,49.92798988,0
1/1/2025 1:07,Injection_Molder,51.0035329,0
1/1/2025 1:08,CNC_Lathe,50.36163603,0
1/1/2025 1:09,Hydraulic_Press,49.35488025,0
1/1/2025 1:10,Injection_Molder,50.36139561,0
1/1/2025 1:11,Hydraulic_Press,51.53803657,0
1/1/2025 1:12,Hydraulic_Press,49.96417396,0
1/1/2025 1:13,Injection_Molder,51.56464366,0
1/1/2025 1:14,CNC_Lathe,47.3802549,0
1/1/2025 1:15,Injection_Molder,50.8219025,0
1/1/2025 1:16,Hydraulic_Press,50.08704707,0
1/1/2025 1:17,Hydraulic_Press,49.70099265,0
1/1/2025 1:18,Injection_Molder,50.09176078,0
1/1/2025 1:19,CNC_Lathe,48.01243109,0
1/1/2025 1:20,CNC_Lathe,54.26352667,1
1/1/2025 1:21,Hydraulic_Press,50.35711257,0
1/1/2025 1:22,Hydraulic_Press,51.47789404,0
1/1/2025 1:23,CNC_Lathe,49.48172978,0
1/1/2025 1:24,Injection_Molder,49.1915064,0
1/1/2025 1:25,Hydraulic_Press,49.49824296,0
1/1/2025 1:26,CNC_Lathe,50.91540212,0
1/1/2025 1:27,Hydraulic_Press,50.32875111,0
1/1/2025 1:28,Injection_Molder,49.4702398,0
1/1/2025 1:29,CNC_Lathe,50.51326743,0
1/1/2025 1:30,Hydraulic_Press,50.09707755,0
1/1/2025 1:31,Injection_Molder,50.96864499,0
1/1/2025 1:32,Hydraulic_Press,49.29794691,0
1/1/2025 1:33,Injection_Molder,49.67233785,0
1/1/2025 1:34,Injection_Molder,49.60789185,0
1/1/2025 1:35,CNC_Lathe,48.53648505,0
1/1/2025 1:36,Injection_Molder,50.29612028,0
1/1/2025 1:37,Hydraulic_Press,50.26105527,0
1/1/2025 1:38,Injection_Molder,50.00511346,0
1/1/2025 1:39,Injection_Molder,49.76541287,0
1/1/2025 1:40,CNC_Lathe,48.58462926,0
1/1/2025 1:41,Injection_Molder,49.57935468,0
1/1/2025 1:42,Injection_Molder,49.65728548,0
1/1/2025 1:43,Hydraulic_Press,49.19772273,0
1/1/2025 1:44,CNC_Lathe,49.83871429,0
1/1/2025 1:45,CNC_Lathe,50.40405086,0
1/1/2025 1:46,CNC_Lathe,51.8861859,0
1/1/2025 1:47,Injection_Molder,50.17457781,0
1/1/2025 1:48,CNC_Lathe,50.25755039,0
1/1/2025 1:49,Injection_Molder,49.92555408,0
1/1/2025 1:50,Injection_Molder,48.08122878,0
1/1/2025 1:51,Hydraulic_Press,49.97348612,0
1/1/2025 1:52,Hydraulic_Press,50.06023021,0
1/1/2025 1:53,Hydraulic_Press,52.46324211,0
1/1/2025 1:54,Hydraulic_Press,49.80763904,0
1/1/2025 1:55,Hydraulic_Press,50.30154734,0
1/1/2025 1:56,Injection_Molder,49.96528823,0
1/1/2025 1:57,Injection_Molder,48.83132196,0
1/1/2025 1:58,CNC_Lathe,51.14282281,0
1/1/2025 1:59,Injection_Molder,50.75193303,0
1/1/2025 2:00,Injection_Molder,50.79103195,0
1/1/2025 2:01,Hydraulic_Press,49.09061255,0
1/1/2025 2:02,Injection_Molder,51.40279431,0
1/1/2025 2:03,Hydraulic_Press,48.59814894,0
1/1/2025 2:04,CNC_Lathe,50.58685709,0
1/1/2025 2:05,CNC_Lathe,52.19045563,0
1/1/2025 2:06,Injection_Molder,49.00946367,0
1/1/2025 2:07,CNC_Lathe,49.43370227,0
1/1/2025 2:08,Injection_Molder,50.09965137,0
1/1/2025 2:09,CNC_Lathe,49.49652435,0
1/1/2025 2:10,Hydraulic_Press,48.44933657,0
1/1/2025 2:11,Hydraulic_Press,50.06856297,0
1/1/2025 2:12,Hydraulic_Press,48.93769629,0
1/1/2025 2:13,Hydraulic_Press,50.47359243,0
1/1/2025 2:14,Injection_Molder,49.08057577,0
1/1/2025 2:15,CNC_Lathe,51.54993441,0
1/1/2025 2:16,Injection_Molder,49.21674671,0
1/1/2025 2:17,Hydraulic_Press,49.67793848,0
1/1/2025 2:18,Injection_Molder,50.81351722,0
1/1/2025 2:19,CNC_Lathe,48.76913568,0
1/1/2025 2:20,Injection_Molder,50.22745993,0
1/1/2025 2:21,CNC_Lathe,51.30714275,0
1/1/2025 2:22,Injection_Molder,48.39251677,0
1/1/2025 2:23,CNC_Lathe,50.18463386,0
1/1/2025 2:24,CNC_Lathe,50.25988279,0
1/1/2025 2:25,Hydraulic_Press,50.78182287,0
1/1/2025 2:26,CNC_Lathe,48.76304929,0
1/1/2025 2:27,Hydraulic_Press,48.67954339,0
1/1/2025 2:28,Hydraulic_Press,50.52194157,0
1/1/2025 2:29,Hydraulic_Press,50.29698467,0
1/1/2025 2:30,Injection_Molder,50.25049285,0
1/1/2025 2:31,Injection_Molder,50.34644821,0
1/1/2025 2:32,Injection_Molder,49.31997528,0
1/1/2025 2:33,Injection_Molder,50.2322537,0
1/1/2025 2:34,CNC_Lathe,50.29307247,0
1/1/2025 2:35,CNC_Lathe,49.28564858,0
1/1/2025 2:36,Injection_Molder,51.86577451,0
1/1/2025 2:37,CNC_Lathe,50.47383292,0
1/1/2025 2:38,CNC_Lathe,48.8086965,0
1/1/2025 2:39,Hydraulic_Press,50.65655361,0
1/1/2025 2:40,Hydraulic_Press,49.02531833,0
1/1/2025 2:41,Hydraulic_Press,50.7870846,0
1/1/2025 2:42,Hydraulic_Press,51.15859558,0
1/1/2025 2:43,CNC_Lathe,49.17931768,0
1/1/2025 2:44,Injection_Molder,50.96337613,0
1/1/2025 2:45,CNC_Lathe,50.41278093,0
1/1/2025 2:46,CNC_Lathe,50.82206016,0
1/1/2025 2:47,CNC_Lathe,51.89679298,0
1/1/2025 2:48,Hydraulic_Press,49.75461188,0
1/1/2025 2:49,Hydraulic_Press,49.24626384,0
1/1/2025 2:50,Hydraulic_Press,49.11048557,0
1/1/2025 2:51,Injection_Molder,49.18418972,0
1/1/2025 2:52,CNC_Lathe,49.92289829,0
1/1/2025 2:53,Injection_Molder,50.34115197,0
1/1/2025 2:54,Hydraulic_Press,50.2766908,0
1/1/2025 2:55,Injection_Molder,50.82718325,0
1/1/2025 2:56,CNC_Lathe,50.01300189,0
1/1/2025 2:57,CNC_Lathe,51.45353408,0
1/1/2025 2:58,Hydraulic_Press,49.73534317,0
1/1/2025 2:59,Hydraulic_Press,52.72016917,0
1/1/2025 3:00,Injection_Molder,50.62566735,0
1/1/2025 3:01,Hydraulic_Press,55.71678157,1
1/1/2025 3:02,Hydraulic_Press,48.9291075,0
1/1/2025 3:03,CNC_Lathe,50.48247242,0
1/1/2025 3:04,Hydraulic_Press,49.77653721,0
1/1/2025 3:05,Hydraulic_Press,50.71400049,0
1/1/2025 3:06,CNC_Lathe,50.47323762,0
1/1/2025 3:07,CNC_Lathe,49.92717109,0
1/1/2025 3:08,Injection_Molder,49.15320628,0
1/1/2025 3:09,Hydraulic_Press,48.48515278,0
1/1/2025 3:10,CNC_Lathe,49.55348505,0
1/1/2025 3:11,Injection_Molder,50.85639879,0
1/1/2025 3:12,Injection_Molder,50.21409374,0
1/1/2025 3:13,Hydraulic_Press,48.75426122,0
1/1/2025 3:14,Hydraulic_Press,50.17318093,0
1/1/2025 3:15,Injection_Molder,50.38531738,0
1/1/2025 3:16,CNC_Lathe,49.11614256,0
1/1/2025 3:17,Injection_Molder,50.15372511,0
1/1/2025 3:18,Hydraulic_Press,56.91165071,1
1/1/2025 3:19,CNC_Lathe,48.8570297,0
1/1/2025 3:20,CNC_Lathe,50.35778736,0
1/1/2025 3:21,Injection_Molder,50.56078453,0
1/1/2025 3:22,Hydraulic_Press,51.08305124,0
1/1/2025 3:23,Injection_Molder,51.05380205,0
1/1/2025 3:24,Injection_Molder,48.62233063,0
1/1/2025 3:25,Injection_Molder,49.06217496,0
1/1/2025 3:26,CNC_Lathe,50.51503527,0
1/1/2025 3:27,CNC_Lathe,50.51378595,0
1/1/2025 3:28,Hydraulic_Press,50.51504769,0
1/1/2025 3:29,Hydraulic_Press,53.85273149,0
1/1/2025 3:30,Injection_Molder,50.57089051,0
1/1/2025 3:31,Injection_Molder,51.13556564,0
1/1/2025 3:32,Injection_Molder,50.95400176,0
1/1/2025 3:33,Hydraulic_Press,50.65139125,0
1/1/2025 3:34,CNC_Lathe,49.68473076,0
1/1/2025 3:35,CNC_Lathe,50.75896922,0
1/1/2025 3:36,Injection_Molder,49.22717479,0
1/1/2025 3:37,Injection_Molder,49.76318139,0
1/1/2025 3:38,Injection_Molder,49.51463645,0
1/1/2025 3:39,Injection_Molder,50.08187414,0
1/1/2025 3:40,Hydraulic_Press,52.31465857,0
1/1/2025 3:41,CNC_Lathe,48.13273481,0
1/1/2025 3:42,Injection_Molder,50.68626019,0
1/1/2025 3:43,Hydraulic_Press,48.38728413,0
1/1/2025 3:44,Injection_Molder,49.52806813,0
1/1/2025 3:45,Injection_Molder,51.0889506,0
1/1/2025 3:46,CNC_Lathe,50.06428002,0
1/1/2025 3:47,Injection_Molder,48.92225522,0
1/1/2025 3:48,CNC_Lathe,49.28469629,0
1/1/2025 3:49,CNC_Lathe,50.67959775,0
1/1/2025 3:50,CNC_Lathe,49.26963337,0
1/1/2025 3:51,Hydraulic_Press,50.21645859,0
1/1/2025 3:52,Hydraulic_Press,50.04557184,0
1/1/2025 3:53,CNC_Lathe,49.34839965,0
1/1/2025 3:54,Injection_Molder,52.14394409,0
1/1/2025 3:55,CNC_Lathe,50.63391902,0
1/1/2025 3:56,Injection_Molder,47.97485741,0
1/1/2025 3:57,CNC_Lathe,50.18645431,0
1/1/2025 3:58,Injection_Molder,49.33821354,0
1/1/2025 3:59,Hydraulic_Press,50.85243333,0
1/1/2025 4:00,Injection_Molder,49.20747926,0
1/1/2025 4:01,CNC_Lathe,49.88526356,0
1/1/2025 4:02,Hydraulic_Press,50.50498728,0
1/1/2025 4:03,Injection_Molder,50.86575519,0
1/1/2025 4:04,Injection_Molder,48.79970359,0
1/1/2025 4:05,Injection_Molder,49.66549876,0
1/1/2025 4:06,Injection_Molder,49.52505469,0
1/1/2025 4:07,Injection_Molder,49.34667077,0
1/1/2025 4:08,Hydraulic_Press,51.76545424,0
1/1/2025 4:09,Hydraulic_Press,50.40498171,0
1/1/2025 4:10,Hydraulic_Press,48.73911605,0
1/1/2025 4:11,Hydraulic_Press,50.91786195,0
1/1/2025 4:12,CNC_Lathe,52.1221562,0
1/1/2025 4:13,Hydraulic_Press,51.03246526,0
1/1/2025 4:14,Injection_Molder,48.48063003,0
1/1/2025 4:15,Injection_Molder,49.51576593,0
1/1/2025 4:16,Hydraulic_Press,51.26691115,0
1/1/2025 4:17,Injection_Molder,49.29233053,0
1/1/2025 4:18,Hydraulic_Press,50.44381943,0
1/1/2025 4:19,Injection_Molder,50.77463405,0
1/1/2025 4:20,CNC_Lathe,49.07306953,0
1/1/2025 4:21,CNC_Lathe,49.94047464,0
1/1/2025 4:22,Hydraulic_Press,46.75873266,0
1/1/2025 4:23,Hydraulic_Press,48.97561236,0
1/1/2025 4:24,Hydraulic_Press,49.74743185,0
1/1/2025 4:25,Injection_Molder,48.75221682,0
1/1/2025 4:26,Hydraulic_Press,51.6324113,0
1/1/2025 4:27,CNC_Lathe,48.56985862,0
1/1/2025 4:28,Injection_Molder,49.55995551,0
1/1/2025 4:29,Hydraulic_Press,50.13074058,0
1/1/2025 4:30,Injection_Molder,51.44127329,0
1/1/2025 4:31,Injection_Molder,48.56413785,0
1/1/2025 4:32,Hydraulic_Press,51.16316375,0
1/1/2025 4:33,Injection_Molder,50.01023306,0
1/1/2025 4:34,CNC_Lathe,49.01849135,0
1/1/2025 4:35,CNC_Lathe,50.46210347,0
1/1/2025 4:36,Injection_Molder,50.1990597,0
1/1/2025 4:37,Hydraulic_Press,49.39978312,0
1/1/2025 4:38,Injection_Molder,50.06980208,0
1/1/2025 4:39,CNC_Lathe,49.6146864,0
1/1/2025 4:40,Injection_Molder,50.11351735,0
1/1/2025 4:41,Injection_Molder,50.66213067,0
1/1/2025 4:42,CNC_Lathe,51.58601682,0
1/1/2025 4:43,Injection_Molder,48.7621845,0
1/1/2025 4:44,Injection_Molder,52.13303337,0
1/1/2025 4:45,Hydraulic_Press,48.0479122,0
1/1/2025 4:46,Hydraulic_Press,49.8482149,0
1/1/2025 4:47,CNC_Lathe,50.58831721,0
1/1/2025 4:48,CNC_Lathe,50.28099187,0
1/1/2025 4:49,CNC_Lathe,49.37730048,0
1/1/2025 4:50,Hydraulic_Press,49.79187775,0
1/1/2025 4:51,CNC_Lathe,49.50699907,0
1/1/2025 4:52,CNC_Lathe,49.41063524,0
1/1/2025 4:53,CNC_Lathe,50.8496021,0
1/1/2025 4:54,Hydraulic_Press,50.35701549,0
1/1/2025 4:55,Injection_Molder,49.3070904,0
1/1/2025 4:56,CNC_Lathe,50.89959988,0
1/1/2025 4:57,Injection_Molder,50.30729952,0
1/1/2025 4:58,CNC_Lathe,50.81286212,0
1/1/2025 4:59,Injection_Molder,50.62962884,0
1/1/2025 5:00,Hydraulic_Press,49.17100499,0
1/1/2025 5:01,Hydraulic_Press,49.43981896,0
1/1/2025 5:02,CNC_Lathe,50.74729361,0
1/1/2025 5:03,Injection_Molder,50.61037027,0
1/1/2025 5:04,Hydraulic_Press,49.97909841,0
1/1/2025 5:05,CNC_Lathe,50.11732738,0
1/1/2025 5:06,CNC_Lathe,51.2776649,0
1/1/2025 5:07,Hydraulic_Press,49.40842861,0
1/1/2025 5:08,Hydraulic_Press,50.54709738,0
1/1/2025 5:09,CNC_Lathe,49.79780735,0
1/1/2025 5:10,Injection_Molder,49.7823188,0
1/1/2025 5:11,Injection_Molder,51.09877685,0
1/1/2025 5:12,Injection_Molder,50.82541635,0
1/1/2025 5:13,CNC_Lathe,50.81350964,0
1/1/2025 5:14,Hydraulic_Press,51.30547881,0
1/1/2025 5:15,CNC_Lathe,50.02100384,0
1/1/2025 5:16,Hydraulic_Press,50.68195297,0
1/1/2025 5:17,Injection_Molder,49.68973324,0
1/1/2025 5:18,Injection_Molder,50.32416635,0
1/1/2025 5:19,Hydraulic_Press,49.86985695,0
1/1/2025 5:20,Hydraulic_Press,50.09699596,0
1/1/2025 5:21,CNC_Lathe,50.59515703,0
1/1/2025 5:22,Injection_Molder,49.18177932,0
1/1/2025 5:23,CNC_Lathe,52.09238728,0
1/1/2025 5:24,CNC_Lathe,48.99398262,0
1/1/2025 5:25,CNC_Lathe,48.78581139,0
1/1/2025 5:26,Injection_Molder,51.15811087,0
1/1/2025 5:27,CNC_Lathe,50.79166269,0
1/1/2025 5:28,CNC_Lathe,50.62411982,0
1/1/2025 5:29,CNC_Lathe,50.62834551,0
1/1/2025 5:30,CNC_Lathe,49.98775323,0
1/1/2025 5:31,CNC_Lathe,49.10274563,0
1/1/2025 5:32,CNC_Lathe,53.29353854,1
1/1/2025 5:33,Injection_Molder,49.32283829,0
1/1/2025 5:34,CNC_Lathe,50.97511973,0
1/1/2025 5:35,Hydraulic_Press,49.85294262,0
1/1/2025 5:36,CNC_Lathe,49.1745028,0
1/1/2025 5:37,CNC_Lathe,49.67861416,0
1/1/2025 5:38,Injection_Molder,50.41293145,0
1/1/2025 5:39,Injection_Molder,49.43627545,0
1/1/2025 5:40,Hydraulic_Press,49.1777796,0
1/1/2025 5:41,Hydraulic_Press,50.24368721,0
1/1/2025 5:42,Injection_Molder,50.24496657,0
1/1/2025 5:43,Injection_Molder,49.49305682,0
1/1/2025 5:44,CNC_Lathe,49.52896169,0
1/1/2025 5:45,Injection_Molder,50.23204994,0
1/1/2025 5:46,Hydraulic_Press,48.55191566,0
1/1/2025 5:47,CNC_Lathe,48.59253623,0
1/1/2025 5:48,Hydraulic_Press,49.28155578,0
1/1/2025 5:49,CNC_Lathe,49.78655285,0
1/1/2025 5:50,Injection_Molder,50.31090757,0
1/1/2025 5:51,Hydraulic_Press,51.47535622,0
1/1/2025 5:52,CNC_Lathe,50.85765962,0
1/1/2025 5:53,CNC_Lathe,49.84006147,0
1/1/2025 5:54,Injection_Molder,49.98098379,0
1/1/2025 5:55,Injection_Molder,48.99747064,0
1/1/2025 5:56,Injection_Molder,49.98148686,0
1/1/2025 5:57,Hydraulic_Press,49.71134136,0
1/1/2025 5:58,CNC_Lathe,50.32271856,0
1/1/2025 5:59,Injection_Molder,49.17276906,0
1/1/2025 6:00,Hydraulic_Press,50.51934651,0
1/1/2025 6:01,Hydraulic_Press,51.53273891,0
1/1/2025 6:02,Hydraulic_Press,49.89123985,0
1/1/2025 6:03,Injection_Molder,50.40171172,0
1/1/2025 6:04,Injection_Molder,50.69014399,0
1/1/2025 6:05,CNC_Lathe,49.59877953,0
1/1/2025 6:06,CNC_Lathe,50.22409248,0
1/1/2025 6:07,Injection_Molder,50.0125924,0
1/1/2025 6:08,Hydraulic_Press,50.0976761,0
1/1/2025 6:09,Hydraulic_Press,49.22699022,0
1/1/2025 6:10,Hydraulic_Press,50.02451017,0
1/1/2025 6:11,CNC_Lathe,50.49799829,0
1/1/2025 6:12,Hydraulic_Press,51.45114361,0
1/1/2025 6:13,CNC_Lathe,50.95927083,0
1/1/2025 6:14,CNC_Lathe,52.15318246,0
1/1/2025 6:15,Hydraulic_Press,49.23265244,0
1/1/2025 6:16,Hydraulic_Press,50.87232064,0
1/1/2025 6:17,Injection_Molder,50.18334201,0
1/1/2025 6:18,Injection_Molder,52.18980293,0
1/1/2025 6:19,Hydraulic_Press,49.19170171,0
1/1/2025 6:20,CNC_Lathe,49.16027816,0
1/1/2025 6:21,CNC_Lathe,49.40060735,0
1/1/2025 6:22,CNC_Lathe,47.87610428,0
1/1/2025 6:23,CNC_Lathe,49.47424498,0
1/1/2025 6:24,CNC_Lathe,49.24086734,0
1/1/2025 6:25,Injection_Molder,50.15039379,0
1/1/2025 6:26,Hydraulic_Press,50.34175598,0
1/1/2025 6:27,Injection_Molder,51.87617084,0
1/1/2025 6:28,CNC_Lathe,50.95042384,0
1/1/2025 6:29,CNC_Lathe,49.42309634,0
1/1/2025 6:30,CNC_Lathe,49.10158533,0
1/1/2025 6:31,CNC_Lathe,50.49191917,0
1/1/2025 6:32,Hydraulic_Press,48.67976679,0
1/1/2025 6:33,CNC_Lathe,51.83145877,0
1/1/2025 6:34,Hydraulic_Press,51.17944012,0
1/1/2025 6:35,CNC_Lathe,49.53082435,0
1/1/2025 6:36,Hydraulic_Press,48.28686547,0
1/1/2025 6:37,Injection_Molder,51.35387237,0
1/1/2025 6:38,CNC_Lathe,49.88546015,0
1/1/2025 6:39,Hydraulic_Press,51.23781631,0
1/1/2025 6:40,Injection_Molder,48.40557234,0
1/1/2025 6:41,CNC_Lathe,49.40062498,0
1/1/2025 6:42,CNC_Lathe,50.0052437,0
1/1/2025 6:43,CNC_Lathe,50.04698059,0
1/1/2025 6:44,Hydraulic_Press,49.54993453,0
1/1/2025 6:45,Hydraulic_Press,50.62284993,0
1/1/2025 6:46,Injection_Molder,48.93237957,0
1/1/2025 6:47,Hydraulic_Press,49.85762051,0
1/1/2025 6:48,Hydraulic_Press,50.12029563,0
1/1/2025 6:49,CNC_Lathe,50.51443883,0
1/1/2025 6:50,CNC_Lathe,50.71161488,0
1/1/2025 6:51,CNC_Lathe,48.87535791,0
1/1/2025 6:52,CNC_Lathe,48.46588583,0
1/1/2025 6:53,CNC_Lathe,51.27767682,0
1/1/2025 6:54,CNC_Lathe,50.33231401,0
1/1/2025 6:55,CNC_Lathe,49.25151346,0
1/1/2025 6:56,Injection_Molder,51.55115198,0
1/1/2025 6:57,Injection_Molder,50.11567463,0
1/1/2025 6:58,Injection_Molder,51.17929718,0
1/1/2025 6:59,Injection_Molder,50.06751848,0
1/1/2025 7:00,CNC_Lathe,52.06074792,0
1/1/2025 7:01,Injection_Molder,51.75534084,0
1/1/2025 7:02,CNC_Lathe,49.75103585,0
1/1/2025 7:03,Injection_Molder,50.97157095,0
1/1/2025 7:04,Hydraulic_Press,50.64537595,0
1/1/2025 7:05,Injection_Molder,51.36863156,0
1/1/2025 7:06,Injection_Molder,49.03507654,0
1/1/2025 7:07,CNC_Lathe,50.68605146,0
1/1/2025 7:08,Injection_Molder,51.05842449,0
1/1/2025 7:09,Hydraulic_Press,48.24126051,0
1/1/2025 7:10,CNC_Lathe,48.81674149,0
1/1/2025 7:11,CNC_Lathe,47.96076782,0
1/1/2025 7:12,Injection_Molder,49.73059317,0
1/1/2025 7:13,CNC_Lathe,50.71754226,0
1/1/2025 7:14,CNC_Lathe,51.50235705,0
1/1/2025 7:15,CNC_Lathe,50.07409478,0
1/1/2025 7:16,CNC_Lathe,51.62861555,0
1/1/2025 7:17,CNC_Lathe,48.61989854,0
1/1/2025 7:18,CNC_Lathe,48.29661756,0
1/1/2025 7:19,Hydraulic_Press,49.9444523,0
1/1/2025 7:20,Injection_Molder,50.38406545,0
1/1/2025 7:21,Hydraulic_Press,49.96730525,0
1/1/2025 7:22,CNC_Lathe,47.9325579,0
1/1/2025 7:23,CNC_Lathe,49.91087996,0
1/1/2025 7:24,Injection_Molder,48.6955305,0
1/1/2025 7:25,Hydraulic_Press,50.66967255,0
1/1/2025 7:26,Injection_Molder,50.36659825,0
1/1/2025 7:27,Hydraulic_Press,49.06012021,0
1/1/2025 7:28,CNC_Lathe,49.48613308,0
1/1/2025 7:29,Injection_Molder,48.94078648,0
1/1/2025 7:30,Injection_Molder,49.9373209,0
1/1/2025 7:31,CNC_Lathe,50.95514232,0
1/1/2025 7:32,Injection_Molder,49.01427395,0
1/1/2025 7:33,Hydraulic_Press,50.50404652,0
1/1/2025 7:34,Hydraulic_Press,49.46974238,0
1/1/2025 7:35,Hydraulic_Press,49.20712717,0
1/1/2025 7:36,Hydraulic_Press,49.89296964,0
1/1/2025 7:37,CNC_Lathe,48.96475768,0
1/1/2025 7:38,Injection_Molder,49.44635069,0
1/1/2025 7:39,Hydraulic_Press,48.80212211,0
1/1/2025 7:40,CNC_Lathe,51.96472513,0
1/1/2025 7:41,Injection_Molder,50.03526355,0
1/1/2025 7:42,Injection_Molder,49.30027449,0
1/1/2025 7:43,CNC_Lathe,50.21397991,0
1/1/2025 7:44,CNC_Lathe,49.88767195,0
1/1/2025 7:45,Hydraulic_Press,49.7790304,0
1/1/2025 7:46,Injection_Molder,55.83607889,1
1/1/2025 7:47,Injection_Molder,50.75750771,0
1/1/2025 7:48,CNC_Lathe,49.46949885,0
1/1/2025 7:49,Injection_Molder,49.42418176,0
1/1/2025 7:50,Hydraulic_Press,49.7249483,0
1/1/2025 7:51,Injection_Molder,47.69807884,0
1/1/2025 7:52,CNC_Lathe,48.48480894,0
1/1/2025 7:53,CNC_Lathe,51.36687427,0
1/1/2025 7:54,Hydraulic_Press,51.64496771,0
1/1/2025 7:55,Hydraulic_Press,49.75096396,0
1/1/2025 7:56,Injection_Molder,50.57655696,0
1/1/2025 7:57,Injection_Molder,50.31125015,0
1/1/2025 7:58,CNC_Lathe,53.07888081,0
1/1/2025 7:59,Hydraulic_Press,51.11957491,0
1/1/2025 8:00,Hydraulic_Press,49.87208241,0
1/1/2025 8:01,Hydraulic_Press,49.04445956,0
1/1/2025 8:02,Injection_Molder,48.39355368,0
1/1/2025 8:03,Hydraulic_Press,50.20346364,0
1/1/2025 8:04,CNC_Lathe,49.24364925,0
1/1/2025 8:05,CNC_Lathe,48.57774629,0
1/1/2025 8:06,Injection_Molder,49.35342712,0
1/1/2025 8:07,Injection_Molder,48.918452,0
1/1/2025 8:08,Hydraulic_Press,51.68714164,0
1/1/2025 8:09,Injection_Molder,50.88163976,0
1/1/2025 8:10,CNC_Lathe,49.99202736,0
1/1/2025 8:11,Hydraulic_Press,51.47994414,0
1/1/2025 8:12,CNC_Lathe,50.07736831,0
1/1/2025 8:13,Hydraulic_Press,49.1387158,0
1/1/2025 8:14,Injection_Molder,51.52312408,0
1/1/2025 8:15,Hydraulic_Press,50.53891004,0
1/1/2025 8:16,Hydraulic_Press,48.96275385,0
1/1/2025 8:17,CNC_Lathe,49.80966132,0
1/1/2025 8:18,CNC_Lathe,49.12438175,0
1/1/2025 8:19,Hydraulic_Press,48.61720027,0
1/1/2025 8:20,Injection_Molder,50.92617755,0
1/1/2025 8:21,Injection_Molder,51.90941664,0
1/1/2025 8:22,CNC_Lathe,48.60143243,0
1/1/2025 8:23,Injection_Molder,50.56296924,0
1/1/2025 8:24,CNC_Lathe,49.34935743,0
1/1/2025 8:25,Injection_Molder,55.48759422,1
1/1/2025 8:26,Hydraulic_Press,49.40760608,0
1/1/2025 8:27,CNC_Lathe,49.13600923,0
1/1/2025 8:28,CNC_Lathe,50.04852163,0
1/1/2025 8:29,Hydraulic_Press,49.16904988,0
1/1/2025 8:30,CNC_Lathe,50.27045683,0
1/1/2025 8:31,Injection_Molder,49.94976189,0
1/1/2025 8:32,Injection_Molder,49.76105195,0
1/1/2025 8:33,CNC_Lathe,49.09243634,0
1/1/2025 8:34,Injection_Molder,49.42322867,0
1/1/2025 8:35,CNC_Lathe,50.75539123,0
1/1/2025 8:36,Hydraulic_Press,50.50091719,0
1/1/2025 8:37,CNC_Lathe,49.02244476,0
1/1/2025 8:38,Hydraulic_Press,50.09933231,0
1/1/2025 8:39,Injection_Molder,50.75138712,0
1/1/2025 8:40,Hydraulic_Press,48.33059472,0
1/1/2025 8:41,Injection_Molder,50.54336019,0
1/1/2025 8:42,CNC_Lathe,49.33737624,0
1/1/2025 8:43,Injection_Molder,50.57059867,0
1/1/2025 8:44,CNC_Lathe,49.23674084,0
1/1/2025 8:45,CNC_Lathe,48.1951179,0
1/1/2025 8:46,Hydraulic_Press,48.37245756,0
1/1/2025 8:47,Hydraulic_Press,50.04808495,0
1/1/2025 8:48,Hydraulic_Press,50.2597225,0
1/1/2025 8:49,Hydraulic_Press,49.09568337,0
1/1/2025 8:50,Injection_Molder,50.63859246,0
1/1/2025 8:51,Injection_Molder,48.33847994,0
1/1/2025 8:52,Injection_Molder,49.9339202,0
1/1/2025 8:53,CNC_Lathe,48.7889838,0
1/1/2025 8:54,Injection_Molder,49.34816389,0
1/1/2025 8:55,Injection_Molder,50.04739867,0
1/1/2025 8:56,Injection_Molder,49.13958663,0
1/1/2025 8:57,Hydraulic_Press,49.61544446,0
1/1/2025 8:58,Injection_Molder,51.00629281,0
1/1/2025 8:59,CNC_Lathe,49.42310813,0
1/1/2025 9:00,Hydraulic_Press,50.83569211,0
1/1/2025 9:01,CNC_Lathe,53.53269957,1
1/1/2025 9:02,Injection_Molder,50.52980418,0
1/1/2025 9:03,Hydraulic_Press,51.44156862,0
1/1/2025 9:04,CNC_Lathe,47.5283555,0
1/1/2025 9:05,Injection_Molder,49.20310474,0
1/1/2025 9:06,CNC_Lathe,50.57707213,0
1/1/2025 9:07,CNC_Lathe,49.79695461,0
1/1/2025 9:08,CNC_Lathe,50.37114587,0
1/1/2025 9:09,Injection_Molder,49.39601481,0
1/1/2025 9:10,Injection_Molder,50.08658979,0
1/1/2025 9:11,CNC_Lathe,49.84432276,0
1/1/2025 9:12,Hydraulic_Press,51.16778206,0
1/1/2025 9:13,Hydraulic_Press,50.25442084,0
1/1/2025 9:14,Injection_Molder,50.33760266,0
1/1/2025 9:15,Injection_Molder,49.58812303,0
1/1/2025 9:16,Injection_Molder,49.51239378,0
1/1/2025 9:17,Injection_Molder,49.56744181,0
1/1/2025 9:18,Injection_Molder,50.39445214,0
1/1/2025 9:19,Hydraulic_Press,49.57901552,0
1/1/2025 9:20,Injection_Molder,50.28977486,0
1/1/2025 9:21,CNC_Lathe,52.0754008,0
1/1/2025 9:22,CNC_Lathe,50.8711247,0
1/1/2025 9:23,Hydraulic_Press,49.67397647,0
1/1/2025 9:24,CNC_Lathe,51.20121392,0
1/1/2025 9:25,Hydraulic_Press,49.59192463,0
1/1/2025 9:26,Hydraulic_Press,47.96187546,0
1/1/2025 9:27,CNC_Lathe,48.99191369,0
1/1/2025 9:28,Injection_Molder,48.12920808,0
1/1/2025 9:29,CNC_Lathe,49.64848652,0
1/1/2025 9:30,CNC_Lathe,50.01841838,0
1/1/2025 9:31,Hydraulic_Press,51.67643731,0
1/1/2025 9:32,CNC_Lathe,50.32692737,0
1/1/2025 9:33,Hydraulic_Press,49.78089947,0
1/1/2025 9:34,Injection_Molder,50.82940558,0
1/1/2025 9:35,Injection_Molder,47.78886469,0
1/1/2025 9:36,Injection_Molder,50.23561456,0
1/1/2025 9:37,CNC_Lathe,50.77086519,0
1/1/2025 9:38,Hydraulic_Press,48.52141375,0
1/1/2025 9:39,Injection_Molder,51.14375404,0
1/1/2025 9:40,Hydraulic_Press,50.33849641,0
1/1/2025 9:41,Hydraulic_Press,49.58471209,0
1/1/2025 9:42,Injection_Molder,50.63278187,0
1/1/2025 9:43,Injection_Molder,52.27069286,0
1/1/2025 9:44,Hydraulic_Press,50.18186626,0
1/1/2025 9:45,Injection_Molder,50.24822059,0
1/1/2025 9:46,Hydraulic_Press,55.6513978,1
1/1/2025 9:47,Hydraulic_Press,49.15015563,0
1/1/2025 9:48,Injection_Molder,50.83033582,0
1/1/2025 9:49,CNC_Lathe,49.14391617,0
1/1/2025 9:50,Injection_Molder,50.07156624,0
1/1/2025 9:51,CNC_Lathe,49.52234255,0
1/1/2025 9:52,Hydraulic_Press,50.47897983,0
1/1/2025 9:53,Hydraulic_Press,50.33366211,0
1/1/2025 9:54,CNC_Lathe,51.03753994,0
1/1/2025 9:55,Hydraulic_Press,49.4899836,0
1/1/2025 9:56,CNC_Lathe,49.73012506,0
1/1/2025 9:57,CNC_Lathe,49.02123628,0
1/1/2025 9:58,Hydraulic_Press,49.55570674,0
1/1/2025 9:59,CNC_Lathe,50.37730049,0
1/1/2025 10:00,Injection_Molder,50.75698862,0
1/1/2025 10:01,Injection_Molder,49.07783468,0
1/1/2025 10:02,Hydraulic_Press,50.86960592,0
1/1/2025 10:03,Hydraulic_Press,51.35563786,0
1/1/2025 10:04,CNC_Lathe,50.4134349,0
1/1/2025 10:05,CNC_Lathe,51.87679581,0
1/1/2025 10:06,CNC_Lathe,49.2262108,0
1/1/2025 10:07,CNC_Lathe,48.7553453,0
1/1/2025 10:08,Injection_Molder,48.22127975,0
1/1/2025 10:09,Injection_Molder,51.49604431,0
1/1/2025 10:10,Hydraulic_Press,50.65436566,0
1/1/2025 10:11,CNC_Lathe,49.94441533,0
1/1/2025 10:12,CNC_Lathe,50.27996863,0
1/1/2025 10:13,Hydraulic_Press,48.87451095,0
1/1/2025 10:14,CNC_Lathe,52.44575198,0
1/1/2025 10:15,CNC_Lathe,50.12922118,0
1/1/2025 10:16,CNC_Lathe,50.10939479,0
1/1/2025 10:17,CNC_Lathe,50.72576662,0
1/1/2025 10:18,CNC_Lathe,50.48100923,0
1/1/2025 10:19,Hydraulic_Press,50.22388402,0
1/1/2025 10:20,CNC_Lathe,49.20952554,0
1/1/2025 10:21,Hydraulic_Press,50.47146836,0
1/1/2025 10:22,CNC_Lathe,51.8820245,0
1/1/2025 10:23,Injection_Molder,51.34542005,0
1/1/2025 10:24,Injection_Molder,51.59318663,0
1/1/2025 10:25,Injection_Molder,49.48878432,0
1/1/2025 10:26,Injection_Molder,49.01039518,0
1/1/2025 10:27,Hydraulic_Press,49.87421308,0
1/1/2025 10:28,Hydraulic_Press,50.05572491,0
1/1/2025 10:29,CNC_Lathe,51.09419152,0
1/1/2025 10:30,Injection_Molder,48.30753537,0
1/1/2025 10:31,Hydraulic_Press,51.52955032,0
1/1/2025 10:32,CNC_Lathe,49.8419921,0
1/1/2025 10:33,CNC_Lathe,49.57311893,0
1/1/2025 10:34,Hydraulic_Press,48.98789562,0
1/1/2025 10:35,Injection_Molder,48.34514333,0
1/1/2025 10:36,CNC_Lathe,50.82317058,0
1/1/2025 10:37,Injection_Molder,50.07331797,0
1/1/2025 10:38,Injection_Molder,48.7100391,0
1/1/2025 10:39,Injection_Molder,48.70492123,0
1/1/2025 10:40,CNC_Lathe,49.6642153,0
1/1/2025 10:41,Injection_Molder,51.66902153,0
1/1/2025 10:42,CNC_Lathe,49.74040865,0
1/1/2025 10:43,Injection_Molder,48.49685705,0
1/1/2025 10:44,CNC_Lathe,49.75425694,0
1/1/2025 10:45,Injection_Molder,49.72727643,0
1/1/2025 10:46,Hydraulic_Press,47.30311336,0
1/1/2025 10:47,Injection_Molder,49.94570513,0
1/1/2025 10:48,Injection_Molder,49.76906547,0
1/1/2025 10:49,CNC_Lathe,50.69620636,0
1/1/2025 10:50,CNC_Lathe,51.84895609,0
1/1/2025 10:51,Injection_Molder,51.12656503,0
1/1/2025 10:52,Hydraulic_Press,49.73111131,0
1/1/2025 10:53,Hydraulic_Press,48.89347409,0
1/1/2025 10:54,CNC_Lathe,52.5733598,0
1/1/2025 10:55,Hydraulic_Press,50.05921843,0
1/1/2025 10:56,Injection_Molder,50.01392929,0
1/1/2025 10:57,CNC_Lathe,49.97587491,0
1/1/2025 10:58,Injection_Molder,50.19808476,0
1/1/2025 10:59,CNC_Lathe,49.85563959,0
1/1/2025 11:00,CNC_Lathe,49.42633799,0
1/1/2025 11:01,CNC_Lathe,49.45314106,0
1/1/2025 11:02,CNC_Lathe,49.96724673,0
1/1/2025 11:03,Hydraulic_Press,49.45657523,0
1/1/2025 11:04,Injection_Molder,49.28715422,0
1/1/2025 11:05,Injection_Molder,50.10643023,0
1/1/2025 11:06,Injection_Molder,49.74502278,0
1/1/2025 11:07,CNC_Lathe,51.50399299,0
1/1/2025 11:08,Hydraulic_Press,47.34903019,0
1/1/2025 11:09,Injection_Molder,51.09150685,0
1/1/2025 11:10,Hydraulic_Press,51.24608519,0
1/1/2025 11:11,CNC_Lathe,47.92660977,0
1/1/2025 11:12,Injection_Molder,49.65731241,0
1/1/2025 11:13,Hydraulic_Press,49.62855913,0
1/1/2025 11:14,CNC_Lathe,48.59248831,0
1/1/2025 11:15,Hydraulic_Press,49.22218331,0
1/1/2025 11:16,Injection_Molder,48.88942415,0
1/1/2025 11:17,Injection_Molder,51.75227044,0
1/1/2025 11:18,CNC_Lathe,50.93567839,0
1/1/2025 11:19,CNC_Lathe,51.27155509,0
1/1/2025 11:20,CNC_Lathe,50.72167206,0
1/1/2025 11:21,Hydraulic_Press,48.87094823,0
1/1/2025 11:22,Hydraulic_Press,49.47547973,0
1/1/2025 11:23,Hydraulic_Press,50.48937456,0
1/1/2025 11:24,CNC_Lathe,48.77787219,0
1/1/2025 11:25,Injection_Molder,50.71299843,0
1/1/2025 11:26,Injection_Molder,49.7596746,0
1/1/2025 11:27,Hydraulic_Press,49.62517919,0
1/1/2025 11:28,Hydraulic_Press,50.71095997,0
1/1/2025 11:29,Injection_Molder,50.44426331,0
1/1/2025 11:30,Injection_Molder,49.63903383,0
1/1/2025 11:31,Hydraulic_Press,51.1593298,0
1/1/2025 11:32,Hydraulic_Press,48.91893667,0
1/1/2025 11:33,Injection_Molder,50.61593561,0
1/1/2025 11:34,CNC_Lathe,50.59310126,0
1/1/2025 11:35,Hydraulic_Press,49.69045356,0
1/1/2025 11:36,Injection_Molder,50.32613302,0
1/1/2025 11:37,Injection_Molder,48.74888642,0
1/1/2025 11:38,Injection_Molder,50.92402702,0
1/1/2025 11:39,Injection_Molder,49.81509786,0
1/1/2025 11:40,CNC_Lathe,49.47727698,0
1/1/2025 11:41,Injection_Molder,51.04900923,0
1/1/2025 11:42,Hydraulic_Press,49.29565631,0
1/1/2025 11:43,CNC_Lathe,48.5915387,0
1/1/2025 11:44,Injection_Molder,48.44337083,0
1/1/2025 11:45,CNC_Lathe,50.60600995,0
1/1/2025 11:46,Hydraulic_Press,48.71957065,0
1/1/2025 11:47,Injection_Molder,51.75479418,0
1/1/2025 11:48,Hydraulic_Press,47.91807059,0
1/1/2025 11:49,Injection_Molder,51.69645637,0
1/1/2025 11:50,Injection_Molder,50.21101747,0
1/1/2025 11:51,Injection_Molder,49.90328689,0
1/1/2025 11:52,Injection_Molder,49.45508091,0
1/1/2025 11:53,Injection_Molder,50.39913611,0
1/1/2025 11:54,CNC_Lathe,49.9623653,0
1/1/2025 11:55,Injection_Molder,51.10330188,0
1/1/2025 11:56,Injection_Molder,50.11422765,0
1/1/2025 11:57,CNC_Lathe,50.15030176,0
1/1/2025 11:58,CNC_Lathe,49.63638779,0
1/1/2025 11:59,CNC_Lathe,49.94305438,0
1/1/2025 12:00,CNC_Lathe,50.30780177,0
1/1/2025 12:01,CNC_Lathe,48.28983161,0
1/1/2025 12:02,CNC_Lathe,48.65181458,0
1/1/2025 12:03,Injection_Molder,50.74326409,0
1/1/2025 12:04,Injection_Molder,50.17086544,0
1/1/2025 12:05,Hydraulic_Press,49.81601666,0
1/1/2025 12:06,Injection_Molder,50.01843393,0
1/1/2025 12:07,Injection_Molder,50.34758171,0
1/1/2025 12:08,CNC_Lathe,49.46024032,0
1/1/2025 12:09,CNC_Lathe,49.22169527,0
1/1/2025 12:10,Injection_Molder,50.19584526,0
1/1/2025 12:11,Hydraulic_Press,49.02162722,0
1/1/2025 12:12,CNC_Lathe,50.40825276,0
1/1/2025 12:13,Injection_Molder,48.2974164,0
1/1/2025 12:14,Injection_Molder,51.02915564,0
1/1/2025 12:15,Hydraulic_Press,50.47259748,0
1/1/2025 12:16,Hydraulic_Press,50.25602973,0
1/1/2025 12:17,CNC_Lathe,50.98269098,0
1/1/2025 12:18,Hydraulic_Press,51.66547444,0
1/1/2025 12:19,Injection_Molder,51.01437007,0
1/1/2025 12:20,Injection_Molder,48.15912577,0
1/1/2025 12:21,Hydraulic_Press,48.72042303,0
1/1/2025 12:22,Hydraulic_Press,49.37518142,0
1/1/2025 12:23,Hydraulic_Press,50.02609105,0
1/1/2025 12:24,Hydraulic_Press,50.51765902,0
1/1/2025 12:25,CNC_Lathe,49.27425619,0
1/1/2025 12:26,Hydraulic_Press,50.18676676,0
1/1/2025 12:27,CNC_Lathe,49.24461707,0
1/1/2025 12:28,Injection_Molder,49.3884822,0
1/1/2025 12:29,Hydraulic_Press,48.5933389,0
1/1/2025 12:30,CNC_Lathe,49.07676675,0
1/1/2025 12:31,Hydraulic_Press,48.64831539,0
1/1/2025 12:32,Injection_Molder,49.02412675,0
1/1/2025 12:33,Injection_Molder,51.0536418,0
1/1/2025 12:34,Injection_Molder,49.05060111,0
1/1/2025 12:35,Hydraulic_Press,52.63238206,0
1/1/2025 12:36,Hydraulic_Press,50.4933179,0
1/1/2025 12:37,CNC_Lathe,50.18483612,0
1/1/2025 12:38,Injection_Molder,49.14164222,0
1/1/2025 12:39,Hydraulic_Press,50.70030988,0
1/1/2025 12:40,Injection_Molder,49.42436217,0
1/1/2025 12:41,Injection_Molder,50.12200981,0
1/1/2025 12:42,CNC_Lathe,52.56008454,0
1/1/2025 12:43,CNC_Lathe,49.9039401,0
1/1/2025 12:44,CNC_Lathe,51.14927333,0
1/1/2025 12:45,CNC_Lathe,49.29682357,0
1/1/2025 12:46,Injection_Molder,49.96501151,0
1/1/2025 12:47,CNC_Lathe,51.77080064,0
1/1/2025 12:48,CNC_Lathe,49.37303294,0
1/1/2025 12:49,CNC_Lathe,51.81244856,0
1/1/2025 12:50,CNC_Lathe,50.70775194,0
1/1/2025 12:51,Injection_Molder,49.43753322,0
1/1/2025 12:52,CNC_Lathe,50.63240774,0
1/1/2025 12:53,Injection_Molder,50.97255445,0
1/1/2025 12:54,Hydraulic_Press,50.62180996,0
1/1/2025 12:55,Injection_Molder,48.42977528,0
1/1/2025 12:56,Injection_Molder,49.27286282,0
1/1/2025 12:57,CNC_Lathe,49.75248136,0
1/1/2025 12:58,Hydraulic_Press,49.92556657,0
1/1/2025 12:59,Hydraulic_Press,50.6206721,0
1/1/2025 13:00,Hydraulic_Press,50.177701,0
1/1/2025 13:01,Hydraulic_Press,48.66465564,0
1/1/2025 13:02,Injection_Molder,50.38019785,0
1/1/2025 13:03,Hydraulic_Press,50.61058575,0
1/1/2025 13:04,Injection_Molder,50.55979045,0
1/1/2025 13:05,Injection_Molder,51.08078073,0
1/1/2025 13:06,Injection_Molder,50.83392215,0
1/1/2025 13:07,Hydraulic_Press,50.45918008,0
1/1/2025 13:08,CNC_Lathe,49.92983429,0
1/1/2025 13:09,CNC_Lathe,48.33903907,0
1/1/2025 13:10,Hydraulic_Press,50.42961822,0
1/1/2025 13:11,CNC_Lathe,50.20768769,0
1/1/2025 13:12,CNC_Lathe,50.27157884,0
1/1/2025 13:13,Injection_Molder,48.72325142,0
1/1/2025 13:14,Injection_Molder,48.91894346,0
1/1/2025 13:15,Hydraulic_Press,51.05315285,0
1/1/2025 13:16,Hydraulic_Press,49.96044485,0
1/1/2025 13:17,CNC_Lathe,50.6815007,0
1/1/2025 13:18,Injection_Molder,50.02831838,0
1/1/2025 13:19,Hydraulic_Press,50.02975614,0
1/1/2025 13:20,Hydraulic_Press,50.93828381,0
1/1/2025 13:21,Hydraulic_Press,49.48395527,0
1/1/2025 13:22,Hydraulic_Press,50.09612078,0
1/1/2025 13:23,Hydraulic_Press,49.53772471,0
1/1/2025 13:24,Hydraulic_Press,49.56550377,0
1/1/2025 13:25,CNC_Lathe,49.69082788,0
1/1/2025 13:26,Injection_Molder,50.22213377,0
1/1/2025 13:27,Injection_Molder,49.52125138,0
1/1/2025 13:28,Hydraulic_Press,51.25575613,0
1/1/2025 13:29,Injection_Molder,49.1053927,0
1/1/2025 13:30,Injection_Molder,49.81312836,0
1/1/2025 13:31,Injection_Molder,49.56026894,0
1/1/2025 13:32,Hydraulic_Press,51.44697788,0
1/1/2025 13:33,Hydraulic_Press,50.19655478,0
1/1/2025 13:34,Injection_Molder,51.03184454,0
1/1/2025 13:35,Injection_Molder,48.51443963,0
1/1/2025 13:36,Hydraulic_Press,50.26705027,0
1/1/2025 13:37,CNC_Lathe,50.8896308,0
1/1/2025 13:38,Injection_Molder,50.08228399,0
1/1/2025 13:39,CNC_Lathe,51.06548038,0
1/1/2025 13:40,Injection_Molder,49.48271155,0
1/1/2025 13:41,CNC_Lathe,51.40934744,0
1/1/2025 13:42,CNC_Lathe,52.29889812,0
1/1/2025 13:43,CNC_Lathe,49.63716144,0
1/1/2025 13:44,Hydraulic_Press,49.55449748,0
1/1/2025 13:45,CNC_Lathe,51.45338448,0
1/1/2025 13:46,CNC_Lathe,51.57957215,0
1/1/2025 13:47,CNC_Lathe,49.47713997,0
1/1/2025 13:48,Injection_Molder,49.57981318,0
1/1/2025 13:49,CNC_Lathe,49.71821539,0
1/1/2025 13:50,Injection_Molder,48.65554949,0
1/1/2025 13:51,CNC_Lathe,49.08134805,0
1/1/2025 13:52,CNC_Lathe,48.99585923,0
1/1/2025 13:53,Hydraulic_Press,49.23220243,0
1/1/2025 13:54,Injection_Molder,49.96531511,0
1/1/2025 13:55,CNC_Lathe,50.23421473,0
1/1/2025 13:56,Injection_Molder,51.55050049,0
1/1/2025 13:57,Injection_Molder,49.00164596,0
1/1/2025 13:58,Hydraulic_Press,50.9843224,0
1/1/2025 13:59,Hydraulic_Press,49.78601116,0
1/1/2025 14:00,Hydraulic_Press,49.95053629,0
1/1/2025 14:01,Hydraulic_Press,50.67481949,0
1/1/2025 14:02,Hydraulic_Press,48.87727798,0
1/1/2025 14:03,Hydraulic_Press,50.38240975,0
1/1/2025 14:04,Hydraulic_Press,50.16645221,0
1/1/2025 14:05,Hydraulic_Press,50.49245126,0
1/1/2025 14:06,CNC_Lathe,50.28916864,0
1/1/2025 14:07,Injection_Molder,52.45530014,0
1/1/2025 14:08,Hydraulic_Press,49.36226002,0
1/1/2025 14:09,Hydraulic_Press,49.46900304,0
1/1/2025 14:10,Injection_Molder,49.37685947,0
1/1/2025 14:11,CNC_Lathe,49.44452288,0
1/1/2025 14:12,Injection_Molder,49.36261287,0
1/1/2025 14:13,Injection_Molder,51.18901653,0
1/1/2025 14:14,Hydraulic_Press,51.42050425,0
1/1/2025 14:15,Injection_Molder,49.42925371,0
1/1/2025 14:16,Injection_Molder,49.16764443,0
1/1/2025 14:17,Hydraulic_Press,50.47141556,0
1/1/2025 14:18,Hydraulic_Press,49.44777696,0
1/1/2025 14:19,Hydraulic_Press,50.63293182,0
1/1/2025 14:20,Hydraulic_Press,50.20292302,0
1/1/2025 14:21,Injection_Molder,48.48425589,0
1/1/2025 14:22,Injection_Molder,51.5475052,0
1/1/2025 14:23,CNC_Lathe,51.79587767,0
1/1/2025 14:24,CNC_Lathe,49.38721131,0
1/1/2025 14:25,Injection_Molder,49.61229844,0
1/1/2025 14:26,CNC_Lathe,50.28586539,0
1/1/2025 14:27,Injection_Molder,50.33445679,0
1/1/2025 14:28,CNC_Lathe,50.65854427,0
1/1/2025 14:29,Hydraulic_Press,52.01020454,0
1/1/2025 14:30,CNC_Lathe,49.82305277,0
1/1/2025 14:31,Hydraulic_Press,49.20170276,0
1/1/2025 14:32,Hydraulic_Press,48.62068077,0
1/1/2025 14:33,Hydraulic_Press,49.26906996,0
1/1/2025 14:34,Hydraulic_Press,49.96687303,0
1/1/2025 14:35,CNC_Lathe,51.79455786,0
1/1/2025 14:36,Injection_Molder,49.4823887,0
1/1/2025 14:37,Hydraulic_Press,50.22378795,0
1/1/2025 14:38,CNC_Lathe,49.9835771,0
1/1/2025 14:39,Hydraulic_Press,51.18839327,0
1/1/2025 14:40,CNC_Lathe,52.52693243,0
1/1/2025 14:41,CNC_Lathe,49.46913123,0
1/1/2025 14:42,CNC_Lathe,49.51056056,0
1/1/2025 14:43,Injection_Molder,51.04416088,0
1/1/2025 14:44,CNC_Lathe,50.68189149,0
1/1/2025 14:45,CNC_Lathe,51.84670733,0
1/1/2025 14:46,Injection_Molder,50.58392819,0
1/1/2025 14:47,Injection_Molder,49.64070791,0
1/1/2025 14:48,CNC_Lathe,50.59065483,0
1/1/2025 14:49,Injection_Molder,51.10870358,0
1/1/2025 14:50,Hydraulic_Press,56.09665649,1
1/1/2025 14:51,Hydraulic_Press,50.50727403,0
1/1/2025 14:52,Injection_Molder,51.06667469,0
1/1/2025 14:53,Injection_Molder,51.16929559,0
1/1/2025 14:54,CNC_Lathe,51.38215899,0
1/1/2025 14:55,Injection_Molder,50.64870989,0
1/1/2025 14:56,CNC_Lathe,49.83288192,0
1/1/2025 14:57,Hydraulic_Press,50.14671369,0
1/1/2025 14:58,Injection_Molder,51.20650897,0
1/1/2025 14:59,CNC_Lathe,49.18306433,0
1/1/2025 15:00,CNC_Lathe,50.36867331,0
1/1/2025 15:01,Hydraulic_Press,49.60666119,0
1/1/2025 15:02,Injection_Molder,50.02874482,0
1/1/2025 15:03,Hydraulic_Press,51.27845186,0
1/1/2025 15:04,CNC_Lathe,50.19109907,0
1/1/2025 15:05,CNC_Lathe,50.04643655,0
1/1/2025 15:06,Injection_Molder,48.64014386,0
1/1/2025 15:07,CNC_Lathe,50.74625357,0
1/1/2025 15:08,Injection_Molder,50.64548418,0
1/1/2025 15:09,Hydraulic_Press,52.16325472,0
1/1/2025 15:10,Injection_Molder,49.69222177,0
1/1/2025 15:11,Injection_Molder,50.21915033,0
1/1/2025 15:12,CNC_Lathe,50.24938368,0
1/1/2025 15:13,CNC_Lathe,51.57745328,0
1/1/2025 15:14,Injection_Molder,49.90470447,0
1/1/2025 15:15,CNC_Lathe,50.27902153,0
1/1/2025 15:16,CNC_Lathe,50.60789651,0
1/1/2025 15:17,CNC_Lathe,50.18660912,0
1/1/2025 15:18,Injection_Molder,49.55356639,0
1/1/2025 15:19,CNC_Lathe,50.19408999,0
1/1/2025 15:20,Injection_Molder,51.07363175,0
1/1/2025 15:21,CNC_Lathe,48.9734847,0
1/1/2025 15:22,Hydraulic_Press,50.13296967,0
1/1/2025 15:23,CNC_Lathe,49.29987919,0
1/1/2025 15:24,CNC_Lathe,51.19504663,0
1/1/2025 15:25,Injection_Molder,48.4768131,0
1/1/2025 15:26,Injection_Molder,49.44107815,0
1/1/2025 15:27,CNC_Lathe,50.37721188,0
1/1/2025 15:28,Hydraulic_Press,51.56552403,0
1/1/2025 15:29,CNC_Lathe,49.93424974,0
1/1/2025 15:30,CNC_Lathe,49.44480047,0
1/1/2025 15:31,Hydraulic_Press,51.88115707,0
1/1/2025 15:32,Injection_Molder,48.5519861,0
1/1/2025 15:33,CNC_Lathe,47.80119404,0
1/1/2025 15:34,Injection_Molder,50.44001445,0
1/1/2025 15:35,Injection_Molder,49.49794578,0
1/1/2025 15:36,Hydraulic_Press,48.97876718,0
1/1/2025 15:37,Hydraulic_Press,50.70835645,0
1/1/2025 15:38,Injection_Molder,50.24380071,0
1/1/2025 15:39,CNC_Lathe,49.43592137,0
1/1/2025 15:40,Injection_Molder,48.7196956,0
1/1/2025 15:41,CNC_Lathe,50.87245733,0
1/1/2025 15:42,CNC_Lathe,50.65020118,0
1/1/2025 15:43,Hydraulic_Press,49.90082414,0
1/1/2025 15:44,CNC_Lathe,51.846637,0
1/1/2025 15:45,CNC_Lathe,48.92991523,0
1/1/2025 15:46,Injection_Molder,48.47447483,0
1/1/2025 15:47,Hydraulic_Press,49.30809193,0
1/1/2025 15:48,CNC_Lathe,49.95441398,0
1/1/2025 15:49,CNC_Lathe,50.24333945,0
1/1/2025 15:50,Hydraulic_Press,49.75876394,0
1/1/2025 15:51,Injection_Molder,50.3520554,0
1/1/2025 15:52,Hydraulic_Press,48.74846058,0
1/1/2025 15:53,Hydraulic_Press,51.4437646,0
1/1/2025 15:54,CNC_Lathe,49.91784882,0
1/1/2025 15:55,CNC_Lathe,51.11729583,0
1/1/2025 15:56,Injection_Molder,50.34272535,0
1/1/2025 15:57,CNC_Lathe,50.45675322,0
1/1/2025 15:58,CNC_Lathe,50.56976728,0
1/1/2025 15:59,Hydraulic_Press,50.44770856,0
1/1/2025 16:00,CNC_Lathe,50.64272276,0
1/1/2025 16:01,Injection_Molder,51.32915253,0
1/1/2025 16:02,Hydraulic_Press,50.19652117,0
1/1/2025 16:03,Injection_Molder,50.70900376,0
1/1/2025 16:04,Hydraulic_Press,49.91026431,0
1/1/2025 16:05,CNC_Lathe,51.44011722,0
1/1/2025 16:06,Hydraulic_Press,49.3236077,0
1/1/2025 16:07,Hydraulic_Press,51.80094043,0
1/1/2025 16:08,CNC_Lathe,49.95984205,0
1/1/2025 16:09,CNC_Lathe,48.5692249,0
1/1/2025 16:10,Injection_Molder,50.12810441,0
1/1/2025 16:11,Injection_Molder,49.31894834,0
1/1/2025 16:12,CNC_Lathe,50.84064355,0
1/1/2025 16:13,CNC_Lathe,49.34737602,0
1/1/2025 16:14,CNC_Lathe,49.55381657,0
1/1/2025 16:15,Hydraulic_Press,48.11045927,0
1/1/2025 16:16,Hydraulic_Press,49.54769368,0
1/1/2025 16:17,Hydraulic_Press,47.57612067,0
1/1/2025 16:18,CNC_Lathe,48.41609718,0
1/1/2025 16:19,Injection_Molder,50.76041466,0
1/1/2025 16:20,CNC_Lathe,50.78580016,0
1/1/2025 16:21,Hydraulic_Press,50.42545756,0
1/1/2025 16:22,Hydraulic_Press,49.03302386,0
1/1/2025 16:23,CNC_Lathe,49.95228864,0
1/1/2025 16:24,CNC_Lathe,49.99639746,0
1/1/2025 16:25,Hydraulic_Press,48.84163531,0
1/1/2025 16:26,Hydraulic_Press,51.5033983,0
1/1/2025 16:27,Hydraulic_Press,50.87736229,0
1/1/2025 16:28,CNC_Lathe,49.77903583,0
1/1/2025 16:29,Hydraulic_Press,50.02688584,0
1/1/2025 16:30,Hydraulic_Press,50.20838281,0
1/1/2025 16:31,Injection_Molder,47.95826513,0
1/1/2025 16:32,CNC_Lathe,49.75282262,0
1/1/2025 16:33,Injection_Molder,49.31801575,0
1/1/2025 16:34,Injection_Molder,48.99837999,0
1/1/2025 16:35,Hydraulic_Press,49.71889971,0
1/1/2025 16:36,CNC_Lathe,51.79768653,0
1/1/2025 16:37,Hydraulic_Press,50.64084286,0
1/1/2025 16:38,CNC_Lathe,49.42882101,0
1/1/2025 16:39,Injection_Molder,50.57258278,0
